{"cameraMode":{"drawMode":0,"name":"Shaded","section":"Shading Mode"},"sceneLighting":true,"audioPlay":false,"sceneViewState":{"showFog":true,"showMaterialUpdate":false,"showSkybox":true,"showFlares":true,"showImageEffects":true,"showParticleSystems":true},"in2DMode":false,"pivot":{"x":37.29678726196289,"y":-110.24273681640625,"z":191.67247009277345},"rotation":{"x":-0.02207110822200775,"y":-0.933436930179596,"z":0.35328128933906557,"w":-0.05831581726670265},"size":187.72149658203126,"orthographic":false}